﻿YearBuilt,SquareFootage,HouseType,NumCarGarage,Fireplaces,Pool,SalePrice
2002,3201,Semi,4,Yes,No,2000000
2017,3150,Semi,3,Yes,No,2000000
2000,2455,Detached,3,No,No,400000
2006,2560,Semi,4,Yes,No,400000
2005,3415,,2,No,Yes,2000000
2015,3654,Town,3,No,No,2000000
2015,2071,Town,4,No,No,400000
2004,1310,Town,1,Yes,Yes,750000
2019,2646,Detached,1,No,No,400000
2001,1191,Town,2,No,No,750000
2016,3279,Town,4,No,No,2000000
2004,1102,Detached,3,Yes,,750000
2014,1824,Detached,1,Yes,Yes,750000
2003,1923,Town,1,Yes,No,750000
2003,3309,Semi,1,Yes,Yes,2000000
2016,3203,Town,3,Yes,No,2000000
2008,3065,Semi,4,Yes,Yes,2000000
2012,3862,Town,3,Yes,No,2000000
2016,3885,Semi,3,No,Yes,2000000
2002,3514,Town,1,No,Yes,2000000
2000,3185,,4,No,No,2000000
2000,1159,Town,2,Yes,No,750000
2014,2416,Semi,4,No,Yes,400000
2018,2070,Town,1,No,Yes,400000
2004,1360,Town,3,No,No,750000
2016,2864,Detached,4,No,No,400000
2018,1122,Detached,2,No,No,750000
2016,2258,Detached,3,No,Yes,400000
2002,3051,Detached,2,No,No,2000000
2005,1698,Semi,4,Yes,No,750000
2017,2902,Town,2,Yes,No,400000
2015,2005,Town,2,Yes,No,400000
2009,3310,Semi,3,No,Yes,2000000
2009,1053,Detached,1,Yes,No,750000
2013,1948,Detached,4,Yes,Yes,750000
2007,2042,Detached,2,No,Yes,400000
2003,2514,Town,2,Yes,No,400000
2010,2528,Town,3,No,Yes,
2012,1006,Detached,1,No,No,750000
2016,2065,Detached,1,No,Yes,400000
2007,1395,Detached,3,Yes,No,750000
2000,2401,Town,3,Yes,No,400000
2016,3864,Town,2,Yes,Yes,2000000
2014,1246,Semi,4,Yes,No,750000
2001,3975,Semi,4,Yes,No,2000000
2009,2202,Semi,3,No,Yes,400000
2019,1648,,2,No,No,750000
2006,2834,Town,1,Yes,No,400000
2005,2669,Detached,4,Yes,Yes,
2009,2878,Detached,4,No,No,400000
2010,1072,Semi,3,Yes,Yes,750000
2007,2188,Detached,2,No,Yes,400000
2000,1100,Town,1,Yes,No,750000
2011,2202,Semi,1,Yes,Yes,400000
2004,3969,Town,4,No,No,2000000
2018,3317,Detached,3,Yes,No,2000000
2004,3218,Semi,3,No,No,2000000
2018,2372,Detached,1,No,No,400000
2008,2235,Town,2,No,No,400000
2008,2171,Semi,3,No,No,400000
2011,2390,Detached,2,Yes,No,400000
2004,3973,Town,3,Yes,Yes,2000000
2005,1975,Detached,2,Yes,No,750000
2012,1569,Semi,4,Yes,No,750000
2011,1194,Detached,4,Yes,Yes,750000
2007,2990,Town,3,No,Yes,400000
2009,2769,Town,1,Yes,Yes,400000
2007,1044,Semi,4,No,No,750000
2004,3969,Detached,3,No,Yes,2000000
2019,2522,Town,1,Yes,No,400000
2018,2265,Semi,3,Yes,Yes,400000
2014,2724,Semi,1,Yes,Yes,400000
2007,2246,Detached,3,Yes,No,400000
2001,3388,Semi,3,No,No,2000000
2018,1446,Semi,1,No,Yes,750000
2000,3307,,2,No,No,2000000
2019,1935,Town,2,,,
2015,3814,Semi,,No,,2000000
2007,1492,Town,2,No,Yes,750000
2015,1479,Town,4,Yes,Yes,750000
2002,3250,Semi,1,Yes,Yes,2000000
2014,3392,Town,4,Yes,Yes,2000000
2017,1094,Town,4,Yes,No,750000
2018,1301,Semi,1,No,Yes,750000
2013,1590,Semi,2,No,No,750000
2019,3043,Semi,2,No,No,2000000
2012,1749,Town,1,No,No,750000
2007,1183,Town,4,No,Yes,750000
2003,1096,Semi,2,Yes,No,750000
2019,1582,Town,4,No,No,750000
2001,1434,Detached,4,No,Yes,750000
2005,3860,Detached,1,No,No,2000000
2009,2419,Semi,3,No,Yes,400000
2012,3544,Town,3,No,No,2000000
2013,3247,Semi,2,Yes,Yes,2000000
2009,2211,Semi,1,No,No,400000
2006,1374,Detached,1,Yes,Yes,750000
2002,1041,,4,No,Yes,750000
2017,1885,Semi,3,No,No,750000
2013,3963,Semi,2,Yes,Yes,2000000
2004,3646,,3,No,No,2000000
2011,3230,Town,1,,Yes,2000000
2019,1193,Town,3,Yes,No,750000
2005,2471,Town,1,No,No,400000
2001,1930,Detached,2,Yes,No,750000
2003,2708,Detached,2,Yes,Yes,400000
2018,3694,Detached,1,No,No,2000000
2001,3281,Semi,3,Yes,No,2000000
2008,1703,Semi,4,Yes,Yes,750000
2018,3846,Detached,3,No,Yes,2000000
2005,1980,Detached,1,Yes,Yes,750000
2000,1762,Detached,2,No,Yes,750000
2002,3661,Semi,1,No,No,2000000
2012,3414,Detached,2,Yes,No,2000000
2016,2736,Detached,4,No,Yes,400000
2001,3160,Semi,3,No,No,2000000
2010,3235,Town,4,No,No,2000000
2002,2364,,2,No,Yes,400000
2002,1292,Town,2,Yes,No,750000
2004,3357,Town,1,Yes,,2000000
2006,2815,Semi,4,No,No,400000
2003,3789,Semi,2,No,Yes,2000000
2006,1935,Semi,3,Yes,Yes,750000
2014,3482,Town,2,Yes,No,2000000
2010,3895,Town,1,No,No,2000000
2017,1249,Detached,1,No,Yes,750000
2001,1933,Semi,1,No,No,750000
2009,2982,Semi,3,Yes,No,400000
2007,1250,Town,1,No,Yes,750000
2003,1190,Detached,2,Yes,No,750000
2009,1507,Detached,1,No,Yes,750000
2005,2383,Town,3,Yes,Yes,400000
2006,1867,Town,3,No,Yes,750000
2003,2919,Semi,3,Yes,Yes,400000
2011,2808,Detached,4,Yes,Yes,400000
2018,1779,Town,4,Yes,Yes,750000
2004,3109,Town,3,No,No,2000000
2005,1072,Detached,1,Yes,Yes,750000
2000,1833,Semi,4,No,No,750000
2016,2256,Detached,3,Yes,Yes,400000
2016,2577,Detached,1,Yes,No,400000
2009,2287,Detached,1,Yes,No,400000
2003,2856,Semi,3,Yes,Yes,400000
2004,1313,Town,4,Yes,Yes,750000
2010,1303,Detached,1,Yes,Yes,750000
2018,1581,Semi,4,Yes,Yes,750000
2009,2819,Detached,2,No,Yes,400000
2012,2616,Detached,3,Yes,No,400000
2019,2804,Detached,4,Yes,Yes,400000
2014,1011,Town,1,Yes,No,750000
2015,2423,Detached,2,No,Yes,400000
2010,1644,Town,1,No,Yes,750000
2003,2475,Town,1,No,No,400000
2017,1658,Semi,4,No,Yes,750000
2004,1860,,3,No,Yes,750000
2010,1653,Town,1,No,No,750000
2009,2155,Town,4,No,Yes,400000
2018,1398,Town,1,No,Yes,750000
2018,3652,Town,3,No,No,2000000
2003,1977,Town,3,Yes,Yes,750000
2015,2833,Town,1,No,No,400000
2015,3106,Detached,2,Yes,Yes,2000000
2009,2346,Detached,3,No,Yes,400000
2009,2299,Detached,4,No,Yes,400000
2015,1242,Semi,2,Yes,No,750000
2016,2237,Detached,4,No,No,400000
2007,1154,Semi,2,Yes,No,750000
2018,3444,Detached,3,Yes,Yes,2000000
2007,1177,Detached,3,Yes,No,750000
2017,3128,Town,1,Yes,No,2000000
2014,3498,Town,2,Yes,Yes,2000000
2002,2201,Detached,1,Yes,No,400000
2008,2767,Semi,2,Yes,Yes,400000
2018,1028,Semi,3,Yes,Yes,750000
2000,2221,Town,2,No,Yes,400000
2007,2441,,2,Yes,,400000
2007,3145,Detached,4,No,Yes,2000000
2000,1134,Town,2,No,No,750000
2012,1225,Detached,2,No,No,750000
2003,2425,Town,4,Yes,Yes,400000
2017,3482,Detached,4,Yes,Yes,2000000
2019,3664,Detached,3,No,Yes,2000000
2006,3882,Town,3,Yes,Yes,2000000
2005,1391,Detached,1,No,Yes,750000
2017,2333,Town,4,No,No,400000
2018,3237,Town,3,Yes,No,2000000
2005,2281,Detached,2,No,Yes,400000
2009,3762,Semi,4,No,No,2000000
2010,2959,Semi,1,Yes,Yes,400000
2007,3942,Town,1,No,No,2000000
2018,3066,Semi,1,No,No,2000000
2002,3589,Town,2,Yes,No,2000000
2014,2027,Detached,4,No,No,400000
2010,1237,Town,4,Yes,Yes,750000
2012,1931,Semi,2,No,No,750000
2014,2900,Town,2,Yes,No,400000
2002,2267,Town,4,No,No,400000
2006,3398,Detached,3,Yes,Yes,2000000
2017,1817,Semi,4,Yes,No,750000
2011,2815,Town,3,No,Yes,400000
2005,1712,Town,2,Yes,Yes,750000
2019,2893,Town,2,Yes,Yes,400000
2016,1340,Town,2,No,No,750000
2015,3014,Semi,3,Yes,Yes,2000000
2017,3129,Semi,1,No,No,
2018,2428,Semi,3,No,Yes,400000
2014,1599,Semi,3,No,,750000
2016,3907,,1,Yes,Yes,2000000
2007,1828,Town,2,Yes,No,750000
2002,2129,Semi,3,No,Yes,400000
2018,3373,Detached,1,Yes,No,2000000
2002,3580,Semi,4,Yes,No,2000000
2013,3778,Town,4,No,Yes,2000000
2005,1178,Detached,2,No,Yes,750000
2019,2553,Detached,1,Yes,Yes,400000
2018,3401,Town,1,,Yes,
2018,2139,Detached,2,Yes,No,400000
2000,2007,Town,2,No,No,400000
2005,1520,Semi,2,No,No,750000
2000,3153,Semi,2,No,Yes,2000000
2012,2861,Town,2,Yes,Yes,400000
2005,2174,Detached,4,No,Yes,400000
2007,2043,Town,2,No,No,400000
2000,2757,Detached,4,No,No,400000
2016,2470,Semi,1,Yes,Yes,400000
2016,1930,Semi,1,Yes,No,750000
2010,2284,Town,1,Yes,Yes,400000
2011,1956,Detached,1,No,Yes,750000
2012,1023,Town,4,Yes,No,750000
2015,2299,Town,4,Yes,No,400000
2016,3803,Town,1,Yes,Yes,2000000
2009,3621,Detached,3,No,No,2000000
2003,2289,Town,2,No,No,400000
2016,1257,Detached,1,No,No,750000
2004,3411,Detached,2,No,No,2000000
2001,3706,Detached,1,Yes,No,2000000
2016,2334,Detached,2,Yes,Yes,400000
2008,3341,Town,3,No,Yes,2000000
2013,1849,Detached,4,No,No,750000
2009,2906,Detached,1,No,Yes,400000
2015,3323,Detached,2,No,Yes,2000000
2006,1950,Town,1,No,No,750000
2004,3492,Detached,4,Yes,No,2000000
2018,2486,Detached,1,No,Yes,400000
2003,1745,Town,4,No,Yes,750000
2008,2617,Semi,4,Yes,No,400000
2012,1824,Detached,3,Yes,Yes,750000
2008,2466,Detached,1,Yes,Yes,400000
2015,1527,Semi,4,No,No,750000
2002,3934,Detached,1,Yes,No,2000000
2013,1346,Semi,4,Yes,No,750000
2015,3918,Detached,1,No,No,2000000
2017,2253,Detached,4,No,No,400000
2012,2505,Town,3,Yes,Yes,400000
2010,2163,Detached,1,No,Yes,400000
2007,1184,Semi,2,Yes,Yes,750000
2019,2818,Semi,2,Yes,No,400000
2007,1708,Semi,3,No,No,750000
2007,2981,Detached,4,No,No,400000
2013,2661,Semi,3,Yes,Yes,400000
2014,2641,Detached,2,Yes,Yes,400000
2014,1079,Semi,4,Yes,No,750000
2014,3524,Town,3,Yes,No,2000000
2013,2851,Semi,4,Yes,Yes,400000
2015,2179,Detached,1,Yes,No,400000
2014,2278,Detached,4,Yes,No,400000
2002,3672,Town,2,Yes,No,2000000
2002,2272,Semi,1,Yes,No,400000
2009,3746,Semi,4,Yes,Yes,2000000
2005,1479,Detached,4,No,No,750000
2009,1326,Town,1,No,No,750000
2018,1937,Town,4,Yes,No,750000
2005,3375,Town,2,No,Yes,2000000
2007,1214,Detached,4,No,No,750000
2018,2371,Detached,4,Yes,Yes,400000
2000,1311,Semi,4,Yes,No,750000
2001,3726,Semi,4,No,No,2000000
2008,2720,Town,1,Yes,Yes,400000
2001,3883,Town,3,No,No,2000000
2017,1329,Semi,4,No,No,750000
2001,1531,Detached,1,No,Yes,750000
2004,2160,Town,2,No,Yes,400000
2005,3932,Town,4,Yes,No,2000000
2008,2364,Detached,1,Yes,Yes,400000
2014,3379,Detached,1,No,Yes,2000000
2008,2917,Town,4,Yes,No,400000
2019,2715,Town,3,Yes,No,400000
2008,1524,Detached,3,Yes,Yes,750000
2013,3113,Town,1,Yes,Yes,2000000
2015,1672,Semi,2,Yes,Yes,750000
2016,1299,Town,2,No,Yes,750000
2007,1791,Town,3,Yes,Yes,750000
2006,3672,Town,4,No,No,2000000
2000,3036,Semi,1,Yes,No,2000000
2004,3919,Detached,3,No,Yes,2000000
2019,3170,Semi,1,No,No,2000000
2001,2750,Town,4,Yes,Yes,400000
2007,2043,Town,3,Yes,No,400000
2019,1992,Town,2,Yes,Yes,750000
2003,2280,Town,4,Yes,No,400000
2013,2546,Semi,4,No,Yes,400000
2010,3636,Detached,1,Yes,Yes,2000000
2005,2746,Semi,3,Yes,No,400000
2004,3124,Detached,1,Yes,No,2000000
2018,1472,Town,2,Yes,No,750000
2001,2820,Detached,3,Yes,Yes,400000
2016,1641,Town,2,Yes,Yes,750000
2008,3891,Semi,4,No,No,2000000
2000,1092,Semi,3,No,Yes,750000
2011,3146,Town,4,No,Yes,2000000
2007,3418,Semi,3,No,No,2000000
2012,1089,Semi,3,No,Yes,750000
2012,1800,Detached,3,Yes,No,750000
2016,1804,Semi,2,Yes,No,750000
2003,1697,Town,3,No,Yes,750000
2010,3762,Detached,4,Yes,No,2000000
2005,1339,Town,2,No,No,750000
2006,2478,Detached,2,Yes,No,400000
2001,1487,Detached,3,Yes,No,750000
2019,1222,Town,2,Yes,Yes,750000
2002,1904,Detached,1,Yes,No,750000
2000,2720,Town,4,No,No,400000
2001,1406,Semi,4,Yes,Yes,750000
2018,1754,Semi,4,No,No,750000
2019,3689,Detached,4,Yes,No,2000000
2018,3882,Detached,3,Yes,No,2000000
2007,3701,Detached,1,Yes,Yes,2000000
2005,2045,Detached,4,No,Yes,400000
2007,2910,Town,3,No,No,400000
2006,3743,Semi,1,No,Yes,2000000
2019,3887,Detached,4,Yes,Yes,2000000
2017,2098,Semi,2,Yes,Yes,400000
2007,2340,Detached,1,No,No,400000
2007,1766,Semi,2,No,Yes,750000
2012,1911,Semi,1,Yes,Yes,750000
2014,1454,Town,4,No,Yes,750000
2001,1766,Detached,2,Yes,Yes,750000
2014,1342,Semi,3,No,Yes,750000
2019,2737,Town,3,No,Yes,400000
2000,3246,Detached,1,No,Yes,2000000
2015,2013,Detached,2,No,Yes,400000
2009,3764,Town,3,No,No,2000000
2000,1091,Town,1,Yes,No,750000
2003,2545,Town,3,Yes,Yes,400000
2009,2373,Semi,3,No,Yes,400000
2011,3686,Detached,4,Yes,Yes,2000000
2005,3019,Town,2,No,Yes,2000000
2006,3329,Town,1,Yes,Yes,2000000
2008,1409,Semi,2,Yes,Yes,750000
2013,3543,Semi,4,No,Yes,2000000
2007,2752,Semi,3,No,Yes,400000
2018,1397,Detached,3,No,No,750000
2012,3664,Town,2,Yes,No,2000000
2006,1281,Town,1,No,No,750000
2009,1991,Detached,1,No,No,750000
2012,2379,Detached,2,Yes,No,400000
2006,2495,Town,3,No,Yes,400000
2014,3901,Semi,3,Yes,Yes,2000000
2012,2597,Semi,3,Yes,No,400000
2019,3913,Town,1,Yes,No,2000000
2004,2770,Semi,1,No,Yes,400000
2001,3271,Town,2,No,Yes,2000000
2007,1465,Detached,4,No,No,750000
2000,1095,Semi,4,No,Yes,750000
2002,1822,Detached,4,No,Yes,750000
2011,3781,Town,2,No,No,2000000
2008,1910,Town,3,Yes,Yes,750000
2018,2055,Semi,1,No,No,400000
2011,3905,Semi,3,No,Yes,2000000
2015,3561,Semi,3,Yes,Yes,2000000
2000,2362,Semi,1,No,No,400000
2013,3023,Semi,4,No,No,2000000
2008,2785,Detached,3,No,No,400000
2000,1244,Town,4,No,No,750000
2009,3560,Town,3,No,No,2000000
2019,2161,Detached,4,Yes,Yes,400000
2016,1742,Detached,1,No,Yes,750000
2001,3604,Detached,3,Yes,No,2000000
2017,1662,Detached,2,No,Yes,750000
2002,3903,Detached,2,No,Yes,2000000
2012,3465,Semi,4,Yes,No,2000000
2011,2566,Semi,1,No,No,400000
2018,1778,Semi,3,Yes,Yes,750000
2011,1653,Semi,3,No,No,750000
2002,3694,Detached,3,No,Yes,2000000
2018,1004,Semi,2,No,Yes,750000
2009,3771,Town,3,Yes,No,2000000
2011,1944,Town,2,Yes,Yes,750000
2019,3282,Town,3,Yes,No,2000000
2011,2670,Semi,4,No,Yes,400000
2015,1697,Detached,1,No,Yes,750000
2007,1579,Semi,4,No,No,750000
2007,3468,Detached,3,No,No,2000000
2016,3846,Town,4,No,No,2000000
2005,1947,Town,4,No,Yes,750000
2007,1429,Detached,3,No,Yes,750000
2009,1578,Semi,1,Yes,No,750000
2001,2371,Detached,2,Yes,Yes,400000
2007,1542,Town,4,No,No,750000
2000,2451,Town,2,No,Yes,400000
2000,1460,Town,4,Yes,Yes,750000
2011,1378,Detached,4,No,No,750000
2002,1696,Town,4,No,Yes,750000
2010,1691,Semi,2,Yes,No,750000
2005,2722,Town,4,No,No,400000
2017,2945,Detached,1,Yes,No,400000
2019,1730,Town,3,No,No,750000
2008,2078,Semi,1,Yes,Yes,400000
2011,2432,Detached,1,No,Yes,400000
2006,2839,Semi,2,Yes,No,400000
2019,1978,Semi,4,Yes,Yes,750000
2016,2612,Town,2,Yes,Yes,400000
2011,1409,Town,1,No,Yes,750000
2003,1199,Detached,4,No,No,750000
2011,3681,Detached,1,No,No,2000000
2005,1652,Town,2,No,Yes,750000
2000,3029,Detached,1,No,Yes,2000000
2010,3308,Detached,2,Yes,Yes,2000000
2000,3498,Semi,1,No,No,2000000
2018,3315,Detached,3,Yes,No,2000000
2015,2191,Detached,2,Yes,Yes,400000
2017,1899,Town,3,Yes,Yes,750000
2009,2558,Semi,4,Yes,Yes,400000
2005,2202,Detached,4,No,No,400000
2012,3742,Town,2,Yes,Yes,2000000
2012,3471,Detached,3,No,Yes,2000000
2005,3336,Detached,2,Yes,No,2000000
2001,1254,Semi,2,Yes,Yes,750000
2000,2339,Semi,1,No,Yes,400000
2012,2785,Town,4,Yes,No,400000
2019,1221,Town,1,No,No,750000
2004,1138,Town,4,Yes,Yes,750000
2015,1209,Detached,4,No,No,750000
2015,2511,Semi,4,Yes,Yes,400000
2003,2275,Semi,3,No,No,400000
2007,1440,Semi,3,Yes,Yes,750000
2003,3436,Town,4,No,No,2000000
2011,3281,Detached,3,Yes,No,2000000
2010,3203,Semi,3,No,Yes,2000000
2004,2021,Detached,3,No,Yes,400000
2019,1498,Town,1,Yes,No,750000
2003,2486,Semi,1,No,No,400000
2013,2675,Semi,4,No,Yes,400000
2011,1199,Town,4,Yes,No,750000
2009,1188,Town,2,No,Yes,750000
2008,3363,Detached,1,Yes,Yes,2000000
2017,1971,Detached,4,No,No,750000
2007,2290,Detached,3,No,No,400000
2009,2444,Town,3,Yes,Yes,400000
2018,2596,Town,1,Yes,Yes,400000
2012,3571,Detached,1,Yes,No,2000000
2010,2569,Semi,4,No,No,400000
2002,1534,Town,2,Yes,Yes,750000
2000,3878,Town,2,Yes,Yes,2000000
2005,1646,Semi,1,Yes,No,750000
2001,2253,Semi,2,Yes,No,400000
2012,1074,Semi,2,No,Yes,750000
2010,2209,Semi,1,Yes,No,400000
2008,3282,Detached,3,Yes,No,2000000
2004,3229,Town,2,No,Yes,2000000
2003,3731,Town,4,No,Yes,2000000
2011,1855,Detached,3,No,No,750000
2015,3701,Town,2,No,No,2000000
2003,2055,Semi,4,No,Yes,400000
2013,3093,Town,2,No,Yes,2000000
2004,3707,Town,3,Yes,Yes,2000000
2014,1852,Town,1,Yes,Yes,750000
2013,1468,Semi,1,Yes,No,750000
2013,1946,Town,4,No,No,750000
2012,1866,Detached,4,Yes,No,750000
2011,1423,Semi,1,Yes,No,750000
2004,3423,Detached,4,No,Yes,2000000
2016,2406,Detached,2,Yes,Yes,400000
2011,1742,Town,3,Yes,No,750000
2018,1098,Semi,4,No,Yes,750000
2007,1779,Semi,4,Yes,No,750000
2006,3846,Town,1,Yes,No,2000000
2011,2114,Town,4,No,No,400000
2014,2419,Semi,1,Yes,No,400000
2004,2155,Semi,2,No,No,400000
2010,2784,Town,2,Yes,No,400000
2009,3840,Semi,3,Yes,Yes,2000000
2012,2151,Semi,2,Yes,Yes,400000
2005,2577,Detached,1,No,No,400000
2015,3856,Semi,4,No,Yes,2000000
2010,1592,Town,3,Yes,No,750000
2000,2672,Semi,4,No,No,400000
2012,3643,Semi,1,No,Yes,2000000
2012,2831,Detached,4,No,No,400000
2015,2159,Town,2,Yes,Yes,400000
2017,3826,Town,2,Yes,Yes,2000000
2018,1082,Detached,3,No,No,750000
2008,1288,Town,3,Yes,No,750000
2013,1729,Semi,4,Yes,No,750000
2001,2862,Town,2,No,No,400000
2008,1315,Town,1,No,No,750000
2017,1860,Town,1,No,No,750000
2017,2799,Town,1,No,No,400000
2012,2251,Detached,4,No,Yes,400000
2001,2162,Semi,1,No,No,400000
2010,1132,Detached,3,No,No,2000000
2018,2892,Semi,2,No,Yes,750000
2014,1413,Detached,4,Yes,Yes,2000000
2015,2620,Detached,1,Yes,No,2000000
2008,3713,Town,2,Yes,No,400000
2003,1178,Semi,2,Yes,Yes,750000
2014,3699,Town,1,No,Yes,400000
2019,1876,Town,2,Yes,Yes,400000
2002,3593,Detached,2,Yes,Yes,2000000
2004,2027,Semi,2,Yes,No,750000
2002,1249,Town,2,No,No,400000
2008,2425,Semi,2,Yes,No,750000
2000,1734,Semi,1,No,Yes,750000
2016,1832,Town,3,Yes,No,400000
2002,3044,Town,3,No,No,400000
2012,2880,Semi,4,Yes,No,750000
2010,2707,Semi,2,No,No,750000
2017,3280,Detached,2,Yes,Yes,2000000
2010,3474,Semi,1,Yes,No,750000
2011,1578,Town,1,No,No,400000
2015,3743,Detached,4,No,Yes,2000000
2003,3753,Town,2,Yes,No,400000
2001,1270,Semi,3,Yes,No,750000
2018,3947,Detached,1,No,Yes,2000000
2008,1562,Detached,3,Yes,No,2000000
2003,1563,Town,1,No,No,400000
2003,3983,Detached,3,Yes,No,2000000
2005,3366,Town,1,No,Yes,400000
2000,2701,Semi,4,No,No,750000
2014,2257,Detached,2,No,No,2000000
2011,1816,Town,1,Yes,No,400000
2006,1440,Town,1,Yes,Yes,400000
2005,3315,Town,1,Yes,Yes,400000
2019,2032,Town,4,No,No,400000
2005,3119,Semi,4,Yes,Yes,750000
2019,3718,Semi,1,No,No,750000
2003,3605,Town,4,Yes,Yes,400000
2002,2311,Semi,3,No,No,750000
2004,3625,Semi,2,Yes,Yes,750000
2016,3741,Detached,3,Yes,Yes,2000000
2004,2620,Town,2,Yes,No,400000
2014,2670,Town,4,No,No,400000
2016,3827,Town,2,Yes,No,400000
2013,1975,Town,1,Yes,Yes,400000
2008,3654,Detached,1,Yes,Yes,2000000
2000,2965,Detached,2,No,No,2000000
2002,1051,Semi,1,No,No,750000
2012,1698,Town,1,No,Yes,400000
2006,2122,Semi,3,Yes,No,750000
2005,2335,Semi,4,Yes,No,750000
2010,3027,Semi,4,No,No,750000
2000,2929,Semi,1,Yes,No,750000
2010,3495,Detached,1,Yes,No,2000000
2005,2718,Detached,3,No,No,2000000
2015,2981,Semi,3,No,No,750000
2011,2341,Town,2,Yes,No,400000
2018,1621,Detached,2,Yes,No,2000000
2017,2000,Town,3,Yes,No,400000
2012,1078,Town,1,Yes,Yes,400000
2003,3846,Detached,3,Yes,No,2000000
2008,2847,Detached,4,Yes,No,2000000
2018,2949,Town,2,No,No,400000
2013,1647,Detached,1,No,Yes,2000000
2015,1027,Town,4,Yes,Yes,400000
2013,3928,Town,1,No,Yes,400000
2014,1000,Detached,4,No,Yes,2000000
2004,2686,Town,2,No,No,400000
2008,2916,Detached,2,No,Yes,2000000
2014,3244,Town,1,No,No,400000
2016,1335,Semi,2,No,Yes,750000
2019,2123,Town,4,Yes,No,400000
2008,1929,Detached,1,No,Yes,2000000
2006,2718,Semi,1,No,Yes,750000
2015,2562,Detached,3,Yes,Yes,2000000
2018,2258,Town,1,No,Yes,400000
2016,2786,Town,1,No,Yes,400000
2017,3761,Town,2,No,Yes,400000
2014,1822,Town,1,Yes,Yes,400000
2018,1027,Town,3,Yes,Yes,400000
2015,2986,Semi,2,Yes,No,750000
2004,1030,Semi,1,Yes,No,750000
2019,2399,Town,3,No,Yes,400000
2015,3401,Semi,3,No,Yes,750000
2004,3942,Semi,4,Yes,No,750000
2019,3883,Semi,1,No,Yes,750000
2013,3828,Town,2,No,No,400000
2012,3467,Detached,1,Yes,Yes,2000000
2014,1430,Semi,4,No,No,750000
2004,1999,Town,2,Yes,Yes,400000
2007,1774,Town,3,Yes,Yes,400000
2013,3456,Semi,2,No,Yes,750000
2006,3148,Semi,2,No,No,750000
2007,2065,Semi,2,No,Yes,750000
2019,2761,Detached,3,No,No,2000000
2012,3317,Semi,3,Yes,Yes,750000
2006,3938,Detached,3,No,Yes,2000000
2004,2681,Semi,4,Yes,No,750000
2007,1699,Detached,3,No,Yes,2000000
2007,1209,Semi,2,No,Yes,750000
2004,2992,Semi,1,No,No,750000
2014,1696,Detached,1,Yes,Yes,2000000
2006,1647,Detached,4,Yes,No,2000000
2003,2180,Semi,2,Yes,Yes,750000
2008,2669,Detached,1,No,Yes,2000000
2019,2323,Town,4,No,Yes,400000
2010,1294,Detached,3,Yes,No,2000000
2016,2729,Town,3,Yes,No,400000
2000,2685,Detached,4,No,No,2000000
2009,3684,Semi,2,Yes,No,750000
2016,3779,Detached,4,Yes,No,2000000
2002,1093,Town,3,Yes,No,400000
2019,1167,Town,4,No,Yes,400000
2005,2122,Detached,2,Yes,Yes,2000000
2010,1738,Town,3,Yes,Yes,400000
2016,1330,Detached,3,No,No,2000000
2004,3406,Detached,1,No,No,2000000
2014,1245,Detached,4,No,No,2000000
2011,3730,Town,3,Yes,No,400000
2003,1827,Town,4,Yes,Yes,400000
2000,2080,Town,1,No,No,400000
2008,3077,Semi,2,No,No,750000
2000,1022,Detached,1,No,Yes,2000000
2006,2898,Semi,4,Yes,Yes,750000
2013,3683,Detached,3,No,Yes,2000000
2019,3503,Semi,1,Yes,Yes,750000
2011,3039,Detached,1,No,No,2000000
2016,3833,Town,1,Yes,Yes,400000
2008,3162,Town,4,No,No,400000
2012,1634,Detached,4,Yes,No,2000000
2006,1947,Town,4,No,No,400000
2010,2431,Semi,3,No,Yes,750000
2002,2299,Town,4,Yes,Yes,400000
2002,2907,Detached,2,No,No,2000000
2007,1666,Detached,3,No,No,2000000
2018,2411,Town,1,No,Yes,400000
2000,3264,Town,1,Yes,Yes,400000
2015,3133,Semi,1,Yes,Yes,750000
2018,1889,Town,4,Yes,Yes,400000
2004,2865,Town,1,No,No,400000
2009,1381,Detached,2,No,Yes,2000000
2012,2743,Semi,2,No,No,750000
2001,1852,Detached,1,Yes,Yes,2000000
2000,3763,Semi,3,No,No,750000
2008,2634,Semi,2,No,No,750000
2004,1661,Town,2,No,No,400000
2015,1129,Town,2,No,No,400000
2018,2325,Semi,2,Yes,Yes,750000
2015,1897,Town,1,No,Yes,400000
2012,1169,Town,4,Yes,No,400000
2012,2619,Detached,2,Yes,No,2000000
2008,1755,Detached,3,No,No,2000000
2006,3687,Detached,3,No,Yes,2000000
2001,2613,Detached,3,No,Yes,2000000
2016,1316,Town,1,Yes,Yes,400000
2016,3324,Town,3,No,Yes,400000
2010,3777,Town,1,Yes,Yes,400000
2004,3340,Semi,1,Yes,Yes,750000
2010,3601,Detached,2,No,Yes,2000000
2011,3048,Detached,4,No,Yes,2000000
2015,1151,Detached,3,No,No,2000000
2006,2414,Detached,4,Yes,Yes,2000000
2010,3751,Detached,3,No,Yes,2000000
2004,2603,Semi,1,Yes,Yes,750000
2002,2839,Town,1,Yes,No,400000
2018,2826,Detached,3,Yes,Yes,2000000
2009,1759,Semi,1,No,Yes,750000
2009,1342,Semi,1,Yes,No,750000
2008,2613,Semi,2,Yes,Yes,750000
2000,1400,Town,3,Yes,Yes,400000
2003,2029,Town,3,No,No,400000
2019,2293,Detached,2,No,Yes,2000000
2007,3222,Semi,2,No,No,750000
2018,2124,Semi,3,Yes,Yes,750000
2001,3522,Semi,2,Yes,No,750000
2014,1248,Detached,1,Yes,No,2000000
2005,3085,Semi,1,Yes,No,750000
2014,3425,Town,3,No,No,400000
2013,1358,Semi,3,No,No,750000
2007,2367,Detached,1,Yes,No,2000000
2017,1113,Semi,3,No,No,750000
2006,2638,Town,1,No,No,400000
2011,2410,Town,4,No,Yes,400000
2011,3490,Detached,2,No,No,2000000
2017,3602,Town,4,Yes,No,400000
2010,3700,Detached,2,Yes,No,2000000
2003,2462,Semi,1,Yes,Yes,750000
2015,1367,Detached,1,Yes,No,2000000
2005,1644,Detached,2,Yes,No,2000000
2004,3797,Detached,4,Yes,No,2000000
2007,2571,Semi,1,No,No,750000
2000,1691,Semi,1,Yes,No,750000
2005,1073,Semi,4,No,No,750000
2000,2930,Semi,3,No,No,750000
2012,3868,Semi,4,No,No,750000
2006,3757,Town,1,Yes,Yes,400000
2018,1806,Town,2,Yes,No,400000
2015,3285,Town,3,No,Yes,400000
2011,1135,Town,4,Yes,Yes,400000
2002,2875,Semi,2,No,Yes,750000
2017,3232,Town,2,No,Yes,400000
2009,2547,Town,1,No,Yes,400000
2017,2682,Town,1,Yes,No,400000
2017,1244,Semi,1,No,Yes,750000
2000,3247,Semi,1,No,Yes,750000
2000,2416,Semi,3,Yes,No,750000
2006,2105,Detached,3,Yes,No,2000000
2005,1520,Semi,1,No,No,750000
2002,2467,Town,4,No,No,400000
2014,3975,Detached,4,Yes,No,2000000
2016,1109,Detached,4,Yes,Yes,2000000
2000,2669,Town,4,Yes,Yes,400000
2009,1162,Semi,4,No,No,750000
2000,1318,Detached,1,No,Yes,2000000
2017,3067,Semi,2,No,No,750000
2001,1825,Semi,2,No,Yes,750000
2008,2446,Semi,3,No,No,750000
2003,3643,Detached,2,Yes,Yes,2000000
2002,2096,Town,2,Yes,No,400000
2000,2691,Detached,3,Yes,No,2000000
2007,1672,Town,3,No,No,400000
2019,2865,Town,4,Yes,No,400000
2005,1636,Detached,1,No,Yes,2000000
2003,3838,Detached,2,Yes,No,2000000
2002,1368,Town,1,Yes,Yes,400000
2010,2469,Detached,4,No,Yes,2000000
2012,1078,Detached,4,No,No,2000000
2015,1966,Semi,2,No,Yes,750000
2019,2543,Town,1,No,Yes,400000
2017,2350,Town,3,Yes,No,400000
2016,2981,Detached,1,Yes,Yes,2000000
2004,3316,Detached,1,No,No,2000000
2015,1387,Semi,4,Yes,No,750000
2010,3358,Semi,4,Yes,No,750000
2003,1773,Detached,4,Yes,Yes,2000000
2002,2770,Town,4,Yes,No,400000
2011,2774,Town,4,No,Yes,400000
2014,2648,Semi,2,No,No,750000
2001,1998,Town,1,No,No,400000
2002,1979,Town,4,Yes,No,400000
2002,2642,Detached,1,Yes,Yes,2000000
2011,3680,Detached,1,Yes,No,2000000
2006,2829,Detached,3,Yes,Yes,2000000
2010,3052,Town,1,No,No,400000
2017,2849,Detached,2,Yes,Yes,2000000
2018,1606,Town,4,No,No,400000
2014,1642,Town,2,Yes,No,400000
2008,2757,Semi,3,No,Yes,750000
2002,2132,Detached,3,No,Yes,2000000
2008,2004,Semi,1,Yes,Yes,750000
2018,3294,Detached,4,Yes,Yes,2000000
2019,2987,Semi,1,Yes,No,750000
2019,1904,Detached,1,Yes,No,2000000
2004,3137,Semi,4,Yes,Yes,750000
2006,1140,Semi,3,No,No,750000
2012,2935,Detached,2,Yes,No,2000000
2006,1898,Town,2,No,No,400000
2017,3094,Town,1,No,No,400000
2001,3877,Semi,1,No,No,750000
2019,3297,Detached,1,Yes,Yes,2000000
2003,3464,Detached,1,No,No,2000000
2006,1849,Detached,3,No,Yes,2000000
2006,1985,Town,4,Yes,Yes,400000
2000,3220,Detached,2,Yes,Yes,2000000
2007,1118,Semi,4,Yes,No,750000
2014,3598,Semi,3,Yes,No,750000
2016,3431,Semi,4,Yes,Yes,750000
2010,2953,Semi,4,Yes,Yes,750000
2003,2205,Detached,4,No,Yes,2000000
2018,1726,Town,1,No,Yes,400000
2019,2288,Detached,4,Yes,Yes,2000000
2018,3233,Detached,1,Yes,No,2000000
2006,1477,Semi,4,Yes,Yes,750000
2013,1041,Semi,1,No,No,750000
2011,2547,Town,1,No,No,400000
2005,2993,Semi,2,Yes,Yes,750000
2016,3935,Semi,1,Yes,Yes,750000
2017,3290,Town,1,Yes,No,400000
2005,3371,Detached,3,No,Yes,2000000
2003,3308,Town,3,Yes,No,400000
2010,2348,Detached,2,No,No,2000000
2017,3360,Semi,1,Yes,Yes,750000
2002,3944,Semi,2,No,Yes,750000
2007,2054,Semi,4,No,No,750000
2010,1443,Detached,3,No,No,2000000
2017,1043,Semi,4,No,Yes,750000
2005,2097,Town,2,Yes,No,400000
2002,3821,Town,2,Yes,No,400000
2001,1456,Semi,3,No,Yes,750000
2005,3621,Detached,3,No,No,2000000
2017,1611,Semi,2,Yes,Yes,750000
2006,1039,Town,2,No,Yes,400000
2018,3560,Detached,4,Yes,Yes,2000000
2005,1761,Semi,4,No,No,750000
2009,1402,Semi,2,No,Yes,750000
2000,3592,Semi,2,No,No,750000
2006,2531,Town,1,Yes,Yes,400000
2003,1170,Town,2,No,Yes,400000
2017,2900,Town,1,No,Yes,400000
2013,2050,Town,1,Yes,No,400000
2017,2152,Detached,1,No,Yes,2000000
2016,2899,Semi,2,Yes,No,750000
2005,1844,Town,1,No,No,400000
2019,3082,Detached,4,No,No,2000000
2019,1324,Detached,4,No,Yes,2000000
2015,2462,Detached,2,Yes,No,2000000
2011,3064,Semi,1,Yes,Yes,750000
2004,2579,Detached,4,No,Yes,2000000
2013,1608,Detached,1,No,Yes,2000000
2008,2130,Detached,3,No,No,2000000
2005,2627,Semi,1,Yes,Yes,750000
2014,1225,Detached,1,Yes,Yes,2000000
2009,3230,Town,1,No,No,400000
2013,1221,Town,1,No,Yes,400000
2012,1990,Town,4,No,Yes,400000
2006,1134,Detached,3,Yes,Yes,2000000
2016,3053,Semi,1,No,No,750000
2017,2800,Semi,2,No,Yes,750000
2017,3094,Detached,3,Yes,No,2000000
2013,2684,Semi,4,No,No,750000
2010,3849,Detached,4,No,No,2000000
2012,2972,Semi,4,Yes,Yes,750000
2017,2070,Town,1,Yes,No,400000
2016,2959,Detached,4,Yes,Yes,2000000
2011,2721,Town,4,Yes,Yes,400000
2007,2418,Semi,3,No,Yes,750000
2008,3663,Semi,2,Yes,Yes,750000
2002,2227,Detached,1,No,Yes,2000000
2007,3636,Detached,1,No,No,2000000
2019,1824,Town,2,No,Yes,400000
2004,1518,Semi,2,Yes,No,750000
2008,1887,Town,1,No,Yes,400000
2010,3537,Detached,3,Yes,Yes,2000000
2002,2631,Semi,3,Yes,No,750000
2017,2504,Semi,3,No,Yes,750000
2002,2593,Town,2,No,Yes,400000
2013,3106,Town,3,No,Yes,400000
2004,2922,Detached,3,Yes,Yes,2000000
2006,3682,Town,1,Yes,No,400000
2004,2141,Town,1,No,No,400000
2008,3959,Detached,2,No,Yes,2000000
2004,2789,Town,1,No,No,400000
2006,2395,Semi,4,Yes,Yes,750000
2016,2819,Town,3,No,No,400000
2015,3514,Town,3,Yes,Yes,400000
2002,2264,Semi,4,Yes,No,750000
2004,3655,Detached,2,Yes,Yes,2000000
2002,3452,Town,4,No,Yes,400000
2018,3140,Town,3,Yes,Yes,400000
2019,3990,Semi,1,Yes,Yes,750000
2009,3269,Semi,4,No,No,750000
2003,1649,Town,3,No,Yes,400000
2008,1375,Semi,3,Yes,Yes,750000
2000,1490,Detached,2,Yes,No,2000000
2007,1252,Detached,2,Yes,Yes,2000000
2005,1828,Detached,1,Yes,No,2000000
2002,2992,Semi,2,No,No,750000
2012,3137,Semi,3,No,Yes,750000
2008,2317,Detached,4,Yes,No,2000000
2004,2079,Semi,1,Yes,Yes,750000
2012,2422,Detached,2,No,No,2000000
2008,3494,Semi,2,No,Yes,750000
2007,3096,Detached,1,No,No,2000000
2015,2862,Detached,1,No,No,2000000
2005,1991,Semi,1,No,No,750000
2010,2431,Semi,3,Yes,Yes,750000
2019,2401,Town,2,Yes,Yes,400000
2018,2208,Semi,2,No,Yes,750000
2009,1218,Detached,4,No,No,2000000
2013,3686,Semi,2,Yes,Yes,750000
2015,1134,Town,1,No,No,400000
2004,1235,Semi,3,No,Yes,750000
2014,3383,Town,2,Yes,No,400000
2003,1426,Semi,4,No,No,750000
2012,2518,Detached,3,Yes,Yes,2000000
2002,3318,Semi,3,No,Yes,750000
2012,1780,Detached,4,Yes,No,2000000
2014,1318,Semi,1,Yes,No,750000
2011,2550,Detached,1,Yes,Yes,2000000
2008,1953,Semi,3,Yes,Yes,750000
2012,2443,Semi,4,No,No,750000
2003,1793,Detached,1,No,No,2000000
2000,1248,Town,3,Yes,Yes,400000
2019,2863,Semi,1,Yes,Yes,750000
2004,2572,Detached,1,Yes,Yes,2000000
2017,2294,Town,4,No,No,400000
2000,3762,Semi,3,No,Yes,750000
2001,1819,Detached,2,Yes,Yes,2000000
2009,3228,Town,4,No,Yes,400000
2001,2590,Detached,3,Yes,No,2000000
2000,2502,Detached,4,Yes,No,2000000
2001,2954,Town,2,No,No,400000
2011,1850,Town,3,No,No,400000
2010,1124,Detached,4,Yes,No,2000000
2011,2288,Detached,1,No,Yes,2000000
2006,1563,Town,2,No,Yes,400000
2009,1221,Town,2,Yes,Yes,400000
2000,3025,Town,4,Yes,Yes,400000
2001,3119,Town,2,No,Yes,400000
2010,1910,Semi,3,No,No,750000
2013,2805,Town,2,Yes,No,400000
2002,3744,Detached,4,No,Yes,2000000
2015,3791,Semi,2,Yes,No,750000
2000,1137,Town,4,No,No,400000
2016,3862,Semi,1,Yes,Yes,750000
2001,3279,Detached,1,No,No,2000000
2007,1657,Detached,2,Yes,No,2000000
2006,1885,Detached,3,Yes,No,2000000
2007,3488,Town,3,Yes,No,400000
2013,2903,Detached,3,Yes,Yes,2000000
2017,1576,Semi,4,Yes,No,750000
2017,2112,Semi,4,No,Yes,750000
2016,2565,Semi,3,Yes,No,750000
2007,1103,Detached,2,No,Yes,2000000
2017,1127,Town,4,No,Yes,400000
2006,2213,Semi,3,No,No,750000
2004,2020,Semi,4,Yes,Yes,750000
2000,1471,Detached,1,No,No,2000000
2014,2461,Semi,2,No,No,750000
2005,1296,Town,1,No,Yes,400000
2016,3480,Town,4,No,No,400000
2018,1531,Detached,1,No,Yes,2000000
2002,1456,Semi,3,Yes,Yes,750000
2019,3438,Semi,4,No,Yes,750000
2003,1722,Detached,2,Yes,Yes,2000000
2015,1053,Detached,3,No,Yes,2000000
2011,2531,Semi,1,No,Yes,750000
2006,1756,Detached,3,No,Yes,2000000
2017,1430,Detached,2,No,No,2000000
2016,2099,Town,4,No,No,400000
2011,1746,Town,1,Yes,Yes,400000
2011,3591,Town,1,No,Yes,400000
2019,2928,Town,1,Yes,Yes,400000
2014,3239,Detached,2,No,No,2000000
2019,3492,Semi,3,Yes,Yes,750000
2018,2399,Town,4,No,No,400000
2019,3893,Semi,2,Yes,Yes,750000
2007,1453,Town,4,No,Yes,400000
2008,2973,Semi,4,Yes,No,750000
2002,2714,Town,3,No,No,400000
2005,2534,Town,4,Yes,No,400000
2004,2978,Town,4,No,Yes,400000
2001,2110,Town,3,Yes,Yes,400000
2012,2736,Detached,1,No,Yes,2000000
2006,1762,Semi,4,No,Yes,750000
2016,3547,Town,3,Yes,Yes,400000
2010,2655,Semi,1,Yes,Yes,750000
2013,3165,Semi,4,Yes,Yes,750000
2002,3242,Detached,3,No,No,2000000
2006,2566,Semi,1,No,No,750000
2000,1840,Town,2,Yes,No,400000
2018,3228,Detached,4,No,Yes,2000000
2008,3507,Detached,1,Yes,No,2000000
2003,2604,Town,1,No,Yes,400000
2018,2082,Detached,3,Yes,Yes,2000000
2002,3423,Town,3,Yes,Yes,400000
2004,3295,Town,3,No,No,400000
2017,3822,Detached,4,No,No,2000000
2010,3220,Town,4,Yes,Yes,400000
2004,2529,Semi,1,Yes,Yes,750000
2002,2650,Semi,4,Yes,Yes,750000
2005,2020,Detached,1,Yes,No,2000000
2000,2427,Detached,4,Yes,No,2000000
2005,2488,Detached,3,Yes,No,2000000
2002,3098,Town,3,No,Yes,400000
2000,3630,Town,3,No,No,400000
2016,3792,Town,4,Yes,Yes,400000
2014,3859,Town,4,Yes,Yes,400000
2012,3785,Town,3,No,Yes,400000
2011,2788,Detached,4,No,Yes,2000000
2017,3992,Detached,4,Yes,No,2000000
2002,3985,Semi,3,No,Yes,750000
2018,2619,Semi,3,No,Yes,750000
2018,3152,Town,1,No,Yes,400000
2019,3658,Town,2,No,Yes,400000
2015,1668,Detached,2,No,Yes,2000000
2018,2164,Detached,4,Yes,Yes,2000000
2017,1237,Detached,4,Yes,No,2000000
2000,3256,Semi,1,No,Yes,750000
2003,3858,Town,2,No,Yes,400000
2018,3170,Semi,3,Yes,Yes,750000
2004,3850,Town,4,Yes,No,400000
2018,1990,Semi,2,No,Yes,750000
2018,3843,Town,2,No,Yes,400000
2016,1886,Town,4,No,Yes,400000
2010,3782,Semi,2,No,Yes,750000
2004,2299,Semi,2,Yes,No,750000
2005,3926,Semi,1,Yes,No,750000
2012,1955,Detached,4,Yes,Yes,2000000
2000,1986,Town,4,No,No,400000
2016,2342,Detached,4,No,No,2000000
2012,2519,Detached,3,Yes,Yes,2000000
2017,2368,Town,2,Yes,Yes,400000
2014,2605,Town,4,No,No,400000
2017,2443,Detached,3,Yes,Yes,2000000
2019,2774,Detached,2,No,Yes,2000000
2012,2935,Detached,2,No,No,2000000
2009,1783,Town,4,No,Yes,400000
2017,3267,Semi,3,Yes,No,750000
2019,3722,Detached,4,Yes,No,2000000
2008,1388,Semi,4,Yes,Yes,750000
